jonny john12 JohnSmith john@gmail.com 2,3
nancy nancy32 NancyPaul nancy@yahoo.com 1,3
megumi megumi77 MegumiFushiguro megumi@gmail.com 7,7
satoru satoru66 Satoru satoru@yahoo.com 5,6
mikasa mikasa12 Mikasa mikasa@gmail.com 1,7
jim jimmy JimHalper halpert@yahoo.com 7,8
simon simon12 Simon simon@gmail.com 1,2
